id;question;description;min_score;max_score;sequence_number;comments
1;quantify;Saint Pierre and Miquelon;26316;92747;45929;Moroccan Dirham open-source
2;withdrawal Officer;Profound maroon;13922;63423;21093;Wall JSON silver
3;neural driver Response;Mouse;20952;1505;3473;Ball haptic Tasty
4;lavender Iowa;Implementation quantifying HDD;44758;55172;11747;Table relationships systemic
5;Platinum;Sleek Concrete Car mission-critical Functionality;44576;38316;59095;North Carolina
6;Berkshire Right-sized Rufiyaa;Paradigm cutting-edge e-enable;56316;61415;59215;Borders Rhode Island Soft
7;virtual quantifying;aggregate Florida;23633;66199;75613;Usability
8;Shoes;Data;52690;84588;8423;Faroe Islands Internal reboot
9;back up user-centric;navigate Wisconsin;89704;78198;25448;digital real-time
10;Sports;Avon encoding;20964;64491;16811;microchip Path
